["```\n> create table mailing_list ( email varchar(100) not null primary key, name varchar(100) );\n> ```", "```\n>  insert into mailing_list (name, email) values ('Philip Greenspun','philg@mit.edu'); \n> ```", "````\n> alter table mailing_list add (phone_number varchar(20));\n> \n> ````", "````\n> demaagd@cs.hope.edu (David DeMaagd) wrote:\n> \n> >hwo can I get around the fact that the ' is a reserved character in \n> >SQL Syntax?  I need to be able to select/insert fields that have \n> >apostrophies in them.  Can anyone help?\n> \n> You can use two apostrophes '' and SQL will treat it as one.\n> \n> ===========================================================\n> Pete Nelson     | Programmers are almost as good at reading\n> weasel@ecis.com | documentation as they are at writing it.\n> ===========================================================\n> \n> ````", "````\n> insert into mailing_list (name, email)\n> values ('Michael O''Grady','ogrady@fastbuck.com');\n> \n> ````", "````\n> select * from mailing_list;\n> \n> ````", "```\n>  SQL> column email format a25 SQL> column name format a25 SQL> column phone_number format a12 SQL> set feedback on SQL> select * from mailing_list; EMAIL NAME PHONE_NUMBER ------------------------- ------------------------- ------------ philg@mit.edu Philip Greenspun ogrady@fastbuck.com Michael O'Grady 2 rows selected. \n> ```", "```\n>  drop table mailing_list; create table mailing_list ( email varchar(100) not null primary key, name varchar(100) ); create table phone_numbers ( email varchar(100) not null references mailing_list(email), number_type varchar(15) check (number_type in ('work','home','cell','beeper')), phone_number varchar(20) not null ); \n> ```", "```\n>  SQL> insert into phone_numbers values ('ogrady@fastbuck.com','work','(800) 555-1212'); ORA-02291: integrity constraint (SCOTT.SYS_C001080) violated - parent key not found \n> ```", "```\n>  insert into mailing_list (name, email) values ('Philip Greenspun','philg@mit.edu'); insert into mailing_list (name, email) values ('Michael O''Grady','ogrady@fastbuck.com'); insert into phone_numbers values ('ogrady@fastbuck.com','work','(800) 555-1212'); insert into phone_numbers values ('ogrady@fastbuck.com','home','(617) 495-6000'); insert into phone_numbers values ('philg@mit.edu','work','(617) 253-8574'); insert into phone_numbers values ('ogrady@fastbuck.com','beper','(617) 222-3456'); \n> ```", "```\n> ORA-02290: check constraint (SCOTT.SYS_C001079) violated\n> ```", "```\n>  SQL> select * from mailing_list, phone_numbers; EMAIL NAME EMAIL TYPE NUMBER ---------------- ---------------- ---------------- ------ -------------- philg@mit.edu Philip Greenspun ogrady@fastbuck. work (800) 555-1212 ogrady@fastbuck. Michael O'Grady ogrady@fastbuck. work (800) 555-1212 philg@mit.edu Philip Greenspun ogrady@fastbuck. home (617) 495-6000 ogrady@fastbuck. Michael O'Grady ogrady@fastbuck. home (617) 495-6000 philg@mit.edu Philip Greenspun philg@mit.edu work (617) 253-8574 ogrady@fastbuck. Michael O'Grady philg@mit.edu work (617) 253-8574 6 rows selected. \n> ```", "```\n>  select * from mailing_list, phone_numbers where mailing_list.email = phone_numbers.email; EMAIL NAME EMAIL TYPE NUMBER ---------------- ---------------- ---------------- ------ -------------- ogrady@fastbuck. Michael O'Grady ogrady@fastbuck. work (800) 555-1212 ogrady@fastbuck. Michael O'Grady ogrady@fastbuck. home (617) 495-6000 philg@mit.edu Philip Greenspun philg@mit.edu work (617) 253-8574 3 rows selected. \n> ```", "```\n>  SQL> delete from phone_numbers; 3 rows deleted. \n> ```", "````\n> delete from phone_numbers where email = 'philg@mit.edu';\n> \n> ````", "```\n>  SQL> update mailing_list set name = 'Phil-baby Greenspun' where email = 'philg@mit.edu'; 1 row updated. SQL> select * from mailing_list; EMAIL NAME -------------------- -------------------- philg@mit.edu Phil-baby Greenspun ogrady@fastbuck.com Michael O'Grady 2 rows selected. \n> ```"]