["```\n>  SQL> select 'Hello World' from dual; 'HELLOWORLD ----------- Hello World SQL> select 2+2 from dual; 2+2 ---------- 4 SQL> select sysdate from dual; SYSDATE ---------- 1999-02-14 \n> ```", "```\n>  SQL> select 4+NULL from dual; 4+NULL ---------- \n> ```", "```\n>  select sysdate,2+2,atan2(0, -1) from bboard; SYSDATE 2+2 ATAN2(0,-1) ---------- ---------- ----------- 1999-01-14 4 3.14159265 1999-01-14 4 3.14159265 1999-01-14 4 3.14159265 1999-01-14 4 3.14159265 ... 1999-01-14 4 3.14159265 1999-01-14 4 3.14159265 1999-01-14 4 3.14159265 55010 rows selected. \n> ```", "````\n> select * from users;\n> \n> ````", "```\n>  SQL> select count(*) from users; COUNT(*) ---------- 7352 \n> ```", "```\n>  SQL> describe users Name Null? Type ------------------------------- -------- ---- USER_ID NOT NULL NUMBER(38) FIRST_NAMES NOT NULL VARCHAR2(100) LAST_NAME NOT NULL VARCHAR2(100) PRIV_NAME NUMBER(38) EMAIL NOT NULL VARCHAR2(100) PRIV_EMAIL NUMBER(38) EMAIL_BOUNCING_P CHAR(1) PASSWORD NOT NULL VARCHAR2(30) URL VARCHAR2(200) ON_VACATION_UNTIL DATE LAST_VISIT DATE SECOND_TO_LAST_VISIT DATE REGISTRATION_DATE DATE REGISTRATION_IP VARCHAR2(50) ADMINISTRATOR_P CHAR(1) DELETED_P CHAR(1) BANNED_P CHAR(1) BANNING_USER NUMBER(38) BANNING_NOTE VARCHAR2(4000) \n> ```", "```\n>  column fancy_type format a20 select column_name, data_type || '(' || data_length || ')' as fancy_type from user_tab_columns where table_name = 'USERS' order by column_id; \n> ```", "```\n>  SQL> select email from users where email like '%mit.edu'; EMAIL ------------------------------ philg@mit.edu andy@california.mit.edu ben@mit.edu ... wollman@lcs.mit.edu ghomsy@mit.edu hal@mit.edu ... jpearce@mit.edu richmond@alum.mit.edu andy_roo@mit.edu kov@mit.edu fletch@mit.edu lsandon@mit.edu psz@mit.edu philg@ai.mit.edu philg@martigny.ai.mit.edu andy@californnia.mit.edu ty@mit.edu teadams@mit.edu 68 rows selected. \n> ```", "```\n>  SQL> select email from users where email like '___@mit.edu'; EMAIL ------------------------------ kov@mit.edu hal@mit.edu ... ben@mit.edu psz@mit.edu \n> ```", "```\n>  SQL> select email from users where email like '%mit.edu' order by email; EMAIL ------------------------------ andy@california.mit.edu andy@californnia.mit.edu andy_roo@mit.edu ... ben@mit.edu ... hal@mit.edu ... philg@ai.mit.edu philg@martigny.ai.mit.edu philg@mit.edu \n> ```", "```\n>  SQL> select count(*) from users where registration_date >= '1998-09-01' and registration_date < '1998-10-01'; COUNT(*) ---------- 920 \n> ```", "```\n>  SQL> select count(*) from users where registration_date >= '1998-09-01' and registration_date < '1998-10-01' and email like '%mit.edu'; COUNT(*) ---------- 35 \n> ```", "```\n>  select count(*) from classified_ads where expires >= sysdate or expires is null; \n> ```", "```\n>  select user_id, email from users where 0 < (select count(*) from classified_ads where classified_ads.user_id = users.user_id); USER_ID EMAIL ---------- ----------------------------------- 42485 twm@meteor.com 42489 trunghau@ecst.csuchico.edu 42389 ricardo.carvajal@kbs.msu.edu 42393 gon2foto@gte.net 42399 rob@hawaii.rr.com 42453 stefan9@ix.netcom.com 42346 silverman@pon.net 42153 gallen@wesleyan.edu ... \n> ```", "```\n>  select user_id, email from users where exists (select 1 from classified_ads where classified_ads.user_id = users.user_id); \n> ```", "```\n>  select users.user_id, users.email, classified_ads.posted from users, classified_ads where users.user_id = classified_ads.user_id order by users.email, posted; USER_ID EMAIL POSTED ---------- ----------------------------------- ---------- 39406 102140.1200@compuserve.com 1998-09-30 39406 102140.1200@compuserve.com 1998-10-08 39406 102140.1200@compuserve.com 1998-10-08 39842 102144.2651@compuserve.com 1998-07-02 39842 102144.2651@compuserve.com 1998-07-06 39842 102144.2651@compuserve.com 1998-12-13 ... 41284 yme@inetport.com 1998-01-25 41284 yme@inetport.com 1998-02-18 41284 yme@inetport.com 1998-03-08 35389 zhupanov@usa.net 1998-12-10 35389 zhupanov@usa.net 1998-12-10 35389 zhupanov@usa.net 1998-12-10 \n> ```", "```\n>  select users.user_id, users.email, classified_ads.posted from users, classified_ads where users.user_id = classified_ads.user_id(+) order by users.email, posted; ... USER_ID EMAIL POSTED ---------- ----------------------------------- ---------- 52790 dbrager@mindspring.com 37461 dbraun@scdt.intel.com 52791 dbrenner@flash.net 47177 dbronz@free.polbox.pl 37296 dbrouse@enter.net 47178 dbrown@cyberhighway.net 36985 dbrown@uniden.com 1998-03-05 36985 dbrown@uniden.com 1998-03-10 34283 dbs117@amaze.net 52792 dbsikorski@yahoo.com ... \n> ```", "```\n>  select room_id, start_time, end_time from reservations where user_id = 37 \n> ```", "```\n>  select room_id, start_time, end_time from reservations**, rooms** where user_id = 37 \n> ```", "```\n>  select room_id, start_time, end_time from reservations, rooms where user_id = 37 **and reservations.room_id = rooms.room_id** \n> ```", "```\n>  select **reservations.room_id**, start_time, end_time from reservations, rooms where user_id = 37 and reservations.room_id = rooms.room_id \n> ```", "```\n>  select reservations.room_id, start_time, end_time, **rooms.room_name** from reservations, rooms where user_id = 37 and reservations.room_id = rooms.room_id \n> ```"]