["```\n>  select users.user_id, users.email, max(classified_ads.posted) from users, classified_ads where users.user_id = classified_ads.user_id group by users.user_id, users.email order by upper(users.email); USER_ID EMAIL MAX(CLASSI ---------- ----------------------------------- ---------- 39406 102140.1200@compuserve.com 1998-10-08 39842 102144.2651@compuserve.com 1998-12-13 41426 50@seattle.va.gov 1997-01-13 37428 71730.345@compuserve.com 1998-11-24 35970 aaibrahim@earthlink.net 1998-11-08 36671 absolutsci@aol.com 1998-10-06 35781 alevy@agtnet.com 1997-07-14 40111 alexzorba@aol.com 1998-09-25 39060 amchiu@worldnet.att.net 1998-12-11 35989 andrew.c.beckner@bankamerica.com 1998-08-13 33923 andy_roo@mit.edu 1998-12-10 \n> ```", "```\n>  select users.user_id, users.email, count(*), max(classified_ads.posted) from users, classified_ads where users.user_id = classified_ads.user_id group by users.user_id, users.email order by upper(users.email); USER_ID EMAIL COUNT(*) MAX(CLASSI ---------- ----------------------------------- ---------- ---------- 39406 102140.1200@compuserve.com 3 1998-10-08 39842 102144.2651@compuserve.com 3 1998-12-13 41426 50@seattle.va.gov 1 1997-01-13 37428 71730.345@compuserve.com 3 1998-11-24 35970 aaibrahim@earthlink.net 1 1998-11-08 36671 absolutsci@aol.com 2 1998-10-06 35781 alevy@agtnet.com 1 1997-07-14 40111 alexzorba@aol.com 1 1998-09-25 39060 amchiu@worldnet.att.net 1 1998-12-11 35989 andrew.c.beckner@bankamerica.com 1 1998-08-13 33923 andy_roo@mit.edu 1 1998-12-10 \n> ```", "```\n>  select users.user_id, users.email, count(*) **as how_many**, max(classified_ads.posted) **as how_recent** from users, classified_ads where users.user_id = classified_ads.user_id group by users.user_id, users.email order by **how_recent desc, how_many desc**; USER_ID EMAIL HOW_MANY HOW_RECENT ---------- ----------------------------------- ---------- ---------- 39842 102144.2651@compuserve.com 3 1998-12-13 39968 mkravit@mindspring.com 1 1998-12-13 36758 mccallister@mindspring.com 1 1998-12-13 38513 franjeff@alltel.net 1 1998-12-13 34530 nverdesoto@earthlink.net 3 1998-12-13 34765 jrl@blast.princeton.edu 1 1998-12-13 38497 jeetsukumaran@pd.jaring.my 1 1998-12-12 38879 john.macpherson@btinternet.com 5 1998-12-12 37808 eck@coastalnet.com 1 1998-12-12 37482 dougcan@arn.net 1 1998-12-12 \n> ```", "```\n>  order by **trunc**(how_recent) desc, how_many desc \n> ```", "```\n>  select user_id, count(*) as how_many from bboard group by user_id order by how_many desc; USER_ID HOW_MANY ---------- ---------- 34474 1922 35164 985 41112 855 37021 834 34004 823 37397 717 40375 639 ... 33963 1 33941 1 33918 1 7348 rows selected. \n> ```", "```\n>  select user_id, count(*) as how_many from bboard **where posting_time + 60 > sysdate** group by user_id order by how_many desc; USER_ID HOW_MANY ---------- ---------- 34375 80 34004 79 37903 49 41074 46 ... 1120 rows selected. \n> ```", "```\n>  select user_id, count(*) as how_many from bboard **where not exists (select 1 from bboard_authorized_maintainers bam where bam.user_id = bboard.user_id)** and posting_time + 60 > sysdate group by user_id order by how_many desc; \n> ```", "```\n>  select user_id, count(*) as how_many from bboard where posting_time + 60 > sysdate group by user_id **having not exists (select 1 from bboard_authorized_maintainers bam where bam.user_id = bboard.user_id)** order by how_many desc; \n> ```", "```\n>  select user_id, count(*) as how_many from bboard where posting_time + 60 > sysdate group by user_id **having count(*) >= 30** order by how_many desc; USER_ID HOW_MANY ---------- ---------- 34375 80 34004 79 37903 49 41074 46 42485 46 35387 30 42453 30 7 rows selected. \n> ```", "```\n>  select 'today - ' || to_char(trunc(sysdate),'Mon FMDDFM'), trunc(sysdate) as deadline from dual UNION select 'tomorrow - '|| to_char(trunc(sysdate+1),'Mon FMDDFM'), trunc(sysdate+1) as deadline from dual UNION select 'next week - '|| to_char(trunc(sysdate+7),'Mon FMDDFM'), trunc(sysdate+7) as deadline from dual UNION select 'next month - '|| to_char(trunc(ADD_MONTHS(sysdate,1)),'Mon FMDDFM'), trunc(ADD_MONTHS(sysdate,1)) as deadline from dual UNION select name || ' - ' || to_char(deadline, 'Mon FMDDFM'), deadline from ticket_deadlines where project_id = :project_id and deadline >= trunc(sysdate) order by deadline \n> ```", "```\n>  create table trip_to_paris_contest ( user_id references users, entry_date date not null ); create table camera_giveaway_contest ( user_id references users, entry_date date not null ); \n> ```", "```\n>  -- all three users love to go to Paris insert into trip_to_paris_contest values (1,'2000-10-20'); insert into trip_to_paris_contest values (2,'2000-10-22'); insert into trip_to_paris_contest values (3,'2000-10-23'); -- only User #2 is a camera nerd insert into camera_giveaway_contest values (2,'2000-05-01'); \n> ```", "```\n>  select user_id from trip_to_paris_contest intersect select user_id from camera_giveaway_contest; USER_ID ---------- 2 \n> ```", "```\n>  select user_id from trip_to_paris_contest **minus** select user_id from camera_giveaway_contest; USER_ID ---------- 1 3 \n> ```", "```\n> with subq as (select * from my_table order by my_id)\n> \n> select * from subq \n> where rowid in (select rowid from subq \n>                 where rownum <= 100=\"\" minus=\"\" select=\"\" rowid=\"\" from=\"\" subq=\"\" where=\"\" rownum=\"\" <=\"90)\" pre=\"\">\n> \n> *[1] The Oracle dependencies in this query are rowid and rownum. Other databases have other means of limiting query results by row position.* \n> \n> \t\t\n> \n> -- Kevin Murphy, February 10, 2003\n> ```"]