["```\n> select u.user_id, \n>        u.email, \n>        count(ucm.page_id) as n_pages,\n>        count(bb.msg_id) as n_msgs,\n>        count(c.comment_id) as n_comments\n> from users u, user_content_map ucm, bboard bb, comments c\n> where u.user_id = ucm.user_id(+)\n> and u.user_id = bb.user_id(+)\n> and u.user_id = c.user_id(+)\n> group by u.user_id, u.email\n> order by upper(email)\n> \n> ```", "```\n> create or replace view janes_marketing_view \n> as \n> select u.user_id, \n>        u.email, \n>        count(ucm.page_id) as n_pages,\n>        count(bb.msg_id) as n_msgs,\n>        count(c.comment_id) as n_comments\n> from users u, user_content_map ucm, bboard bb, comments c\n> where u.user_id = ucm.user_id(+)\n> and u.user_id = bb.user_id(+)\n> and u.user_id = c.user_id(+)\n> group by u.user_id, u.email\n> order by upper(u.email)\n> \n> ```", "```\n>  select * from janes_marketing_view; \n> ```", "```\n>  create table patients ( patient_id integer primary key, patient_name varchar(100), hiv_positive_p char(1), insurance_p char(1), ... ); \n> ```", "```\n>  create view patients_clinical as select patient_id, patient_name, hiv_positive_p from patients; \n> ```", "```\n>  create view patients_accounting as select patient_id, patient_name, insurance_p from patients; \n> ```", "```\n>  create or replace view sh_orders_reportable as select * from sh_orders where order_state not in ('confirmed','failed_authorization','void'); \n> ```", "```\n>  select users.user_id, users.email, classified_ads.posted from users, classified_ads where users.user_id = classified_ads.user_id(+) order by users.email, posted; ... USER_ID EMAIL POSTED ---------- ----------------------------------- ---------- 52790 dbrager@mindspring.com 37461 dbraun@scdt.intel.com 52791 dbrenner@flash.net 47177 dbronz@free.polbox.pl 37296 dbrouse@enter.net 47178 dbrown@cyberhighway.net 36985 dbrown@uniden.com 1998-03-05 36985 dbrown@uniden.com 1998-03-10 34283 dbs117@amaze.net 52792 dbsikorski@yahoo.com ... \n> ```", "```\n>  select users.user_id, users.email, classified_ads.posted from users, classified_ads where users.user_id = classified_ads.user_id(+) **and users.email like 'db%'** order by users.email, posted; USER_ID EMAIL POSTED ---------- ------------------------------ ---------- 71668 db-designs@emeraldnet.net 112295 db1@sisna.com 137640 db25@umail.umd.edu 35102 db44@aol.com 1999-12-23 59279 db4rs@aol.com 95190 db@astro.com.au 17474 db@hotmail.com 248220 db@indianhospitality.com 40134 db@spindelvision.com 1999-02-04 144420 db_chang@yahoo.com 15020 dbaaru@mindspring.com ... \n> ```", "```\n>  select users.user_id, users.email, classified_ads.posted from users, classified_ads where users.user_id = classified_ads.user_id(+) and users.email like 'db%' **and classified_ads.posted > '1999-01-01'** order by users.email, posted; USER_ID EMAIL POSTED ---------- ------------------------------ ---------- 35102 db44@aol.com 1999-12-23 40134 db@spindelvision.com 1999-02-04 16979 dbdors@ev1.net 2000-10-03 16979 dbdors@ev1.net 2000-10-26 235920 dbendo@mindspring.com 2000-08-03 258161 dbouchar@bell.mma.edu 2000-10-26 39921 dbp@agora.rdrop.com 1999-06-03 39921 dbp@agora.rdrop.com 1999-11-05 8 rows selected. \n> ```", "```\n>  select users.user_id, users.email, ad_view.posted from users, **(select * from classified_ads where posted > '1999-01-01') ad_view** where users.user_id = ad_view.user_id(+) and users.email like 'db%' order by users.email, ad_view.posted; USER_ID EMAIL POSTED ---------- ------------------------------ ---------- 71668 db-designs@emeraldnet.net 112295 db1@sisna.com 137640 db25@umail.umd.edu 35102 db44@aol.com 1999-12-23 59279 db4rs@aol.com 95190 db@astro.com.au 17474 db@hotmail.com 248220 db@indianhospitality.com 40134 db@spindelvision.com 1999-02-04 144420 db_chang@yahoo.com 15020 dbaaru@mindspring.com ... 174 rows selected. \n> ```", "```\n>  select to_char(registration_date,'YYYYMM') as sort_key, rtrim(to_char(registration_date,'Month')) as pretty_month, to_char(registration_date,'YYYY') as pretty_year, count(*) as n_new from users group by to_char(registration_date,'YYYYMM'), to_char(registration_date,'Month'), to_char(registration_date,'YYYY') order by 1; SORT_K PRETTY_MO PRET N_NEW ------ --------- ---- ---------- 199805 May 1998 898 199806 June 1998 806 199807 July 1998 972 199808 August 1998 849 199809 September 1998 1023 199810 October 1998 1089 199811 November 1998 1005 199812 December 1998 1059 199901 January 1999 1488 199902 February 1999 2148 \n> ```", "```\n>  create materialized view users_by_month enable query rewrite refresh complete start with 1999-03-28 next sysdate + 1 as select to_char(registration_date,'YYYYMM') as sort_key, rtrim(to_char(registration_date,'Month')) as pretty_month, to_char(registration_date,'YYYY') as pretty_year, count(*) as n_new from users group by to_char(registration_date,'YYYYMM'), to_char(registration_date,'Month'), to_char(registration_date,'YYYY') order by 1 \n> ```", "```\n>  select count(*) from users where rtrim(to_char(registration_date,'Month')) = 'January' and to_char(registration_date,'YYYY') = '1999' \n> ```", "```\n>  select count(*) from users where rtrim(to_char(registration_date,'Month')) = 'March' and to_char(registration_date,'YYYY') = '1999' \n> ```"]